,subject,class,topic
0,Chemistry,Form One,NTRODUCTION TO Chemistry
1,Chemistry,Form One,LABORATORY TECHNIQUES AND SAFETY
2,Chemistry,Form One,THE SCIENTIFIC PROCEDURE
3,Chemistry,Form One,MATTER
4,Chemistry,Form One,ELEMENTS AND COMPOUNDS
5,Chemistry,Form One,AIR COMBUSTION RUSTING AND FIRE FIGHTING
6,Chemistry,Form One,OXYGEN
7,Chemistry,Form One,HYDROGEN
8,Chemistry,Form One,WATER
9,Chemistry,Form One,FUELS AND ENERGY
10,Chemistry,Form One,ATOMIC STRUCTURE
11,Chemistry,Form One,PERIODIC CLASSIFICATION
12,Chemistry,Form One,FORMULA BONDING AND NOMENCLATURE
13,Chemistry,Form One,CHEMICAL EQUATIONS
14,Chemistry,Form One,HARDNESS OF WATER
15,Chemistry,Form One,ACIDS BASES AND SALTS
16,Chemistry,Form One,THE MOLE CONCEPT AND RELATED CALCULATIONS
17,Chemistry,Form One,VOLUMETRIC ANALYSIS
18,Chemistry,Form One,IONIC THEORY AND ELECTROLYSIS
19,Chemistry,Form One,CHEMICAL KINETICS EQUILIBRIUM AND ENERGETICS
20,Chemistry,Form One,COMPOUNDS OF METALS
21,Chemistry,Form Two,NTRODUCTION TO Chemistry
22,Chemistry,Form Two,LABORATORY TECHNIQUES AND SAFETY
23,Chemistry,Form Two,THE SCIENTIFIC PROCEDURE
24,Chemistry,Form Two,MATTER
25,Chemistry,Form Two,ELEMENTS AND COMPOUNDS
26,Chemistry,Form Two,AIR COMBUSTION RUSTING AND FIRE FIGHTING
27,Chemistry,Form Two,OXYGEN
28,Chemistry,Form Two,HYDROGEN
29,Chemistry,Form Two,WATER
30,Chemistry,Form Two,FUELS AND ENERGY
31,Chemistry,Form Two,ATOMIC STRUCTURE
32,Chemistry,Form Two,PERIODIC CLASSIFICATION
33,Chemistry,Form Two,FORMULA BONDING AND NOMENCLATURE
34,Chemistry,Form Two,CHEMICAL EQUATIONS
35,Chemistry,Form Two,HARDNESS OF WATER
36,Chemistry,Form Two,ACIDS BASES AND SALTS
37,Chemistry,Form Two,THE MOLE CONCEPT AND RELATED CALCULATIONS
38,Chemistry,Form Two,VOLUMETRIC ANALYSIS
39,Chemistry,Form Two,IONIC THEORY AND ELECTROLYSIS
40,Chemistry,Form Two,CHEMICAL KINETICS EQUILIBRIUM AND ENERGETICS
41,Chemistry,Form Two,COMPOUNDS OF METALS
42,Chemistry,Form Three,NTRODUCTION TO Chemistry
43,Chemistry,Form Three,LABORATORY TECHNIQUES AND SAFETY
44,Chemistry,Form Three,THE SCIENTIFIC PROCEDURE
45,Chemistry,Form Three,MATTER
46,Chemistry,Form Three,ELEMENTS AND COMPOUNDS
47,Chemistry,Form Three,AIR COMBUSTION RUSTING AND FIRE FIGHTING
48,Chemistry,Form Three,OXYGEN
49,Chemistry,Form Three,HYDROGEN
50,Chemistry,Form Three,WATER
51,Chemistry,Form Three,FUELS AND ENERGY
52,Chemistry,Form Three,ATOMIC STRUCTURE
53,Chemistry,Form Three,PERIODIC CLASSIFICATION
54,Chemistry,Form Three,FORMULA BONDING AND NOMENCLATURE
55,Chemistry,Form Three,CHEMICAL EQUATIONS
56,Chemistry,Form Three,HARDNESS OF WATER
57,Chemistry,Form Three,ACIDS BASES AND SALTS
58,Chemistry,Form Three,THE MOLE CONCEPT AND RELATED CALCULATIONS
59,Chemistry,Form Three,VOLUMETRIC ANALYSIS
60,Chemistry,Form Three,IONIC THEORY AND ELECTROLYSIS
61,Chemistry,Form Three,CHEMICAL KINETICS EQUILIBRIUM AND ENERGETICS
62,Chemistry,Form Three,COMPOUNDS OF METALS
